name,description,uid,provider,email
Rosalba Von,A ut est error.,45627850,github,gilbert_collier@gulgowski-klocko.net
Nick Casper,Aut qui non delectus.,79850702,github,omar_stehr@buckridge.name
Iliana Labadie,Molestias voluptas eum numquam.,39069559,github,madelyn@keeling.net
Jose Oberbrunner DC,Veniam est fuga eius.,21843833,github,minna@pouros.org
Delmer Kuhic,Laboriosam minima rerum molestiae.,38425216,github,leoma.okuneva@kulas.io
Vicenta Reilly,Voluptatem alias accusantium id.,89917054,github,tuan@veum-hermann.com
Abbie Mayer,Omnis voluptate eum at.,48446233,github,gertha_schowalter@donnelly-lakin.io
Mirtha Crooks,Expedita et odio odit.,85950627,github,cammy@prohaska-lang.co
Kacey Ziemann,Laborum et distinctio voluptate.,20754948,github,florance@mcclure.com
Belinda Osinski,Atque assumenda illum omnis.,54258700,github,clifford.pollich@hamill.co
